{
  "camera_matrix_parameters": {
    "vision_bottom": {
      "extrinsic_rotations": [
        0.6509166955947876,
        1.374156475067139,
        1.0
      ]
    },
    "vision_top": {
      "extrinsic_rotations": [
        0.1446479558944702,
        2.061234712600708,
        0.0
      ]
    }
  },
  "disable_communication_acceptor": true,
  "player_number": "Seven"
}
